City,Latitude (decimal degrees),Longitude (decimal degrees),Latitude (degree),Latitude (minutes),Longitude (degree),Longitude (minutes)
Alexander City,32.95,-85.95,32,57,-85,57
Anniston AP,33.58333333,-85.85,33,35,-85,51
Auburn,32.6,-85.5,32,36,-85,30
Birmingham AP,33.56666667,-86.75,33,34,-86,45
Decatur,34.61666667,-86.98333333,34,37,-86,59
Dothan AP,31.31666667,-85.45,31,19,-85,27
Florence AP,34.8,-87.66666667,34,48,-87,40
Gadsden,34.01666667,-86,34,1,-86,0
Huntsville AP,34.7,-86.58333333,34,42,-86,35
Mobile AP,30.68333333,-88.25,30,41,-88,15
Mobile Co,30.66666667,-88.25,30,40,-88,15
Montgomery AP,32.38333333,-86.36666667,32,23,-86,22
Selma-Craig AFB,32.33333333,-87.98333333,32,20,-87,59
Talladega,33.45,-86.1,33,27,-86,6
Tuscaloosa AP,33.21666667,-87.61666667,33,13,-87,37
Douglas AP,31.45,-109.6,31,27,-109,36
Flagstaff AP,35.13333333,-111.6666667,35,8,-111,40
Fort Huachuca AP (S),31.58333333,-110.3333333,31,35,-110,20
Kingman AP,35.2,-114.0166667,35,12,-114,1
Nogales,31.35,-110.9166667,31,21,-110,55
Phoenix AP (S),33.43333333,-112.0166667,33,26,-112,1
Prescott AP,34.65,-112.4333333,34,39,-112,26
Tucson AP (S),32.11666667,-110.9333333,32,7,-110,56
Winslow AP,35.01666667,-110.7333333,35,1,-110,44
Yuma AP,32.65,-114.6166667,32,39,-114,37
Blytheville AFB,35.95,-89.95,35,57,-89,57
Camden,33.6,-92.81666667,33,36,-92,49
El Dorado AP,33.21666667,-92.81666667,33,13,-92,49
Fayetteville AP,36,-94.16666667,36,0,-94,10
Fort Smith AP,35.33333333,-94.36666667,35,20,-94,22
Hot Springs,34.48333333,-93.1,34,29,-93,6
Jonesboro,35.83333333,-90.7,35,50,-90,42
Little Rock AP (S),34.73333333,-92.23333333,34,44,-92,14
Pine Bluff AP,34.3,-92.08333333,34,18,-92,5
Texarkana AP,33.45,-93.98333333,33,27,-93,59
Bakersfield AP,35.41666667,-119.05,35,25,-119,3
Barstow AP,34.85,-116.7833333,34,51,-116,47
Blythe AP,33.61666667,-114.7166667,33,37,-114,43
Burbank AP,34.2,-118.35,34,12,-118,21
Chico,39.8,-121.85,39,48,-121,51
Concord,37.96666667,-121.9833333,37,58,-121,59
Covina,34.08333333,-117.8666667,34,5,-117,52
Crescent City AP,41.76666667,-124.2,41,46,-124,12
Downey,33.93333333,-118.1333333,33,56,-118,8
El Cajon,32.81666667,-116.9666667,32,49,-116,58
El Cerrito AP (S),32.81666667,-115.6666667,32,49,-115,40
Escondido,33.11666667,-117.0833333,33,7,-117,5
Eureka/Arcata AP,40.98333333,-124.1,40,59,-124,6
Fairfield-Trafis AFB,38.26666667,-121.9333333,38,16,-121,56
Fresno AP (S),36.76666667,-119.7166667,36,46,-119,43
Hamilton AFB,38.06666667,-122.5,38,4,-122,30
Laguna Beach,33.55,-117.7833333,33,33,-117,47
Livermore,37.7,-121.95,37,42,-121,57
"Lompoc, Vandenberg AFB",34.71666667,-120.5666667,34,43,-120,34
Long Beach AP,33.81666667,-118.15,33,49,-118,9
Los Angeles AP (S),33.93333333,-118.4,33,56,-118,24
Los Angeles CO (S),34.05,-118.2333333,34,3,-118,14
Merced-Castle AFB,37.38333333,-120.5666667,37,23,-120,34
Modesto,37.65,-121,37,39,-121,0
Monterey,36.6,-121.9,36,36,-121,54
Napa,38.21666667,-122.2833333,38,13,-122,17
Needles AP,34.6,-114.6166667,34,36,-114,37
Oakland AP,37.81666667,-122.3166667,37,49,-122,19
Oceanside,33.23333333,-117.4166667,33,14,-117,25
Ontario,34.05,-117.6,34,3,-117,36
Oxnard,34.2,-119.1833333,34,12,-119,11
Palmdale AP,34.63333333,-118.1,34,38,-118,6
Palm Springs,33.81666667,-116.5333333,33,49,-116,32
Pasadena,34.15,-118.15,34,9,-118,9
Petaluma,38.23333333,-122.6333333,38,14,-122,38
Pomona Co,34.05,-117.75,34,3,-117,45
Redding AP,40.51666667,-122.3,40,31,-122,18
Redlands,34.05,-117.1833333,34,3,-117,11
Richmond,37.93333333,-122.35,37,56,-122,21
Riverside-March AFB (S),33.9,-117.25,33,54,-117,15
Sacramento AP,38.51666667,-121.5,38,31,-121,30
Salinas AP,36.66666667,-121.6,36,40,-121,36
"San Bernadino, Norton AFB",34.13333333,-117.2666667,34,8,-117,16
San Diego AP,32.73333333,-117.1666667,32,44,-117,10
San Fernando,34.28333333,-118.4666667,34,17,-118,28
San Francisco AP,37.61666667,-122.3833333,37,37,-122,23
San Francisco Co,37.76666667,-122.4333333,37,46,-122,26
San Jose AP,37.36666667,-121.9333333,37,22,-121,56
San Louis Obispo,35.33333333,-120.7166667,35,20,-120,43
Santa Ana AP,33.75,-117.8666667,33,45,-117,52
Santa Barbara MAP,34.43333333,-119.8333333,34,26,-119,50
Santa Cruz,36.98333333,-122.0166667,36,59,-122,1
Santa Maria AP (S),34.9,-120.45,34,54,-120,27
Santa Monica CIC,34.01666667,-118.4833333,34,1,-118,29
Santa Paula,34.35,-119.0833333,34,21,-119,5
Santa Rosa,38.51666667,-122.8166667,38,31,-122,49
Stockton AP,37.9,-121.25,37,54,-121,15
Ukiah,39.15,-123.2,39,9,-123,12
Visalia,36.33333333,-119.3,36,20,-119,18
Yreka,41.71666667,-122.6333333,41,43,-122,38
Yuba City,39.13333333,-121.6,39,8,-121,36
Alamosa AP,37.45,-105.8666667,37,27,-105,52
Boulder,40,-105.2666667,40,0,-105,16
Colorado Springs AP,38.81666667,-104.7166667,38,49,-104,43
Denver AP,39.75,-104.8666667,39,45,-104,52
Durango,37.28333333,-107.8833333,37,17,-107,53
Fort Collins,40.75,-105.0833333,40,45,-105,5
Grand Junction AP (S),39.11666667,-108.5333333,39,7,-108,32
Greeley,40.43333333,-104.6333333,40,26,-104,38
Lajunta AP,38.05,-103.5,38,3,-103,30
Leadville,39.25,-106.3,39,15,-106,18
Pueblo AP,38.3,-104.4833333,38,18,-104,29
Sterling,40.61666667,-103.2,40,37,-103,12
Trinidad,37.25,-104.3333333,37,15,-104,20
Bridgeport AP,41.18333333,-73.18333333,41,11,-73,11
"Hartford, Brainard Field",41.73333333,-72.65,41,44,-72,39
New Haven AP,41.31666667,-73.91666667,41,19,-73,55
New London,41.35,-72.1,41,21,-72,6
Norwalk,41.11666667,-73.41666667,41,7,-73,25
Norwick,41.53333333,-72.06666667,41,32,-72,4
Waterbury,41.58333333,-73.06666667,41,35,-73,4
"Widsor Locks, Bradley Fld",41.93333333,-72.68333333,41,56,-72,41
Dover AFB,39.13333333,-75.46666667,39,8,-75,28
Wilmington AP,39.66666667,-75.6,39,40,-75,36
Andrews AFB,38.08333333,-76.08333333,38,5,-76,5
"Washington, National AP",38.85,-77.03333333,38,51,-77,2
Belle Glade,26.65,-80.65,26,39,-80,39
Cape Kennedy AP,28.48333333,-80.56666667,28,29,-80,34
Daytona Beach AP,29.18333333,-81.05,29,11,-81,3
E Fort Lauderdale,26.06666667,-80.15,26,4,-80,9
Fort Myers AP,26.58333333,-81.86666667,26,35,-81,52
Fort Pierce,27.46666667,-80.35,27,28,-80,21
Gainsville AP (S),29.68333333,-82.26666667,29,41,-82,16
Jacksonville AP,30.5,-81.7,30,30,-81,42
Key West AP,24.55,-81.75,24,33,-81,45
Lakeland Co (S),28.03333333,-81.95,28,2,-81,57
Miami AP (S),25.8,-80.26666667,25,48,-80,16
Miami Beach Co,25.78333333,-80.28333333,25,47,-80,17
Ocala,29.18333333,-82.13333333,29,11,-82,8
Orlando AP,28.55,-81.38333333,28,33,-81,23
"Panama City, Tyndall AFB",30.06666667,-85.58333333,30,4,-85,35
Pensacola Co,30.41666667,-87.21666667,30,25,-87,13
St. Augustine,29.96666667,-81.33333333,29,58,-81,20
St. Petersburg,27.76666667,-83.33333333,27,46,-82,80
Stanford,28.76666667,-81.28333333,28,46,-81,17
Sarasota,27.38333333,-82.55,27,23,-82,33
Tallahassee AP (S),30.38333333,-84.36666667,30,23,-84,22
Tampa AP (S),27.96666667,-82.53333333,27,58,-82,32
West Palm Beach AP,26.68333333,-80.1,26,41,-80,6
"Albany, Turner AFB",31.6,-84.08333333,31,36,-84,5
Americus,32.05,-84.23333333,32,3,-84,14
Athens,33.95,-83.31666667,33,57,-83,19
Atlanta AP (S),33.65,-84.43333333,33,39,-84,26
Augusta AP,33.36666667,-81.96666667,33,22,-81,58
Brunswick,31.25,-81.48333333,31,15,-81,29
"Columbus, Lawson AFB",32.51666667,-84.93333333,32,31,-84,56
Dalton,34.56666667,-84.95,34,34,-84,57
Dublin,32.33333333,-82.9,32,20,-82,54
Gainsville,34.18333333,-83.68333333,34,11,-83,41
Griffin,33.21666667,-84.26666667,33,13,-84,16
LaGrange,33.01666667,-85.06666667,33,1,-85,4
Macon AP,32.7,-83.65,32,42,-83,39
"Marietta, Dobbins AFB",33.91666667,-84.51666667,33,55,-84,31
Savannah,32.13333333,-81.2,32,8,-81,12
Valdosta-Moody AFB,30.96666667,-83.2,30,58,-83,12
Waycross,31.25,-82.4,31,15,-82,24
Boise AP (S),43.56666667,-116.2166667,43,34,-116,13
Burley,42.53333333,-113.7666667,42,32,-113,46
Coeur D'Alene AP,47.76666667,-116.8166667,47,46,-116,49
Idaho Falls AP,43.51666667,-112.0666667,43,31,-112,4
Lewiston AP,46.38333333,-117.0166667,46,23,-117,1
Moscow,46.73333333,-116.9666667,46,44,-116,58
Mountain Home AFB,43.03333333,-115.9,43,2,-115,54
Pocatello AP,42.91666667,-112.6,42,55,-112,36
Twin Falls AP (S),42.48333333,-114.4833333,42,29,-114,29
Aurora,41.75,-88.33333333,41,45,-88,20
"Belleville, Scott AFB",38.55,-89.85,38,33,-89,51
Bloomington,40.48333333,-88.95,40,29,-88,57
Carbondale,37.78333333,-89.25,37,47,-89,15
Champaign/Urbana,40.03333333,-88.28333333,40,2,-88,17
"Chicago, Midway AP",41.78333333,-87.75,41,47,-87,45
"Chicago, O'Hare AP",41.98333333,-87.9,41,59,-87,54
Chicago Co,41.88333333,-87.63333333,41,53,-87,38
Danville,40.2,-87.6,40,12,-87,36
Decatur,39.83333333,-88.86666667,39,50,-88,52
Dixon,41.83333333,-89.48333333,41,50,-89,29
Elgin,42.03333333,-88.26666667,42,2,-88,16
Freeport,42.3,-89.61666667,42,18,-89,37
Galesburg,40.93333333,-90.43333333,40,56,-90,26
Greenville,38.88333333,-89.4,38,53,-89,24
Joliet,41.51666667,-88.16666667,41,31,-88,10
Kankakee,41.08333333,-87.91666667,41,5,-87,55
La Salle/Peru,41.31666667,-89.1,41,19,-89,6
Macomb,40.46666667,-90.66666667,40,28,-90,40
Moline AP,41.45,-90.51666667,41,27,-90,31
Mt Vernon,38.31666667,-88.86666667,38,19,-88,52
Peoria AP,40.66666667,-89.68333333,40,40,-89,41
Quincy AP,39.95,-91.2,39,57,-91,12
"Rantoul, Chanute AFB",40.3,-88.13333333,40,18,-88,8
Rockford,42.35,-89.05,42,21,-89,3
Springfield AP,39.83333333,-89.66666667,39,50,-89,40
Waukegan,42.35,-87.88333333,42,21,-87,53
Anderson,40.1,-85.61666667,40,6,-85,37
Bedford,38.85,-86.5,38,51,-86,30
Bloomington,39.13333333,-86.61666667,39,8,-86,37
"Columbus, Bakalar AFB",39.26666667,-85.9,39,16,-85,54
Crawfordsville,40.05,-86.9,40,3,-86,54
Evansville AP,38.05,-87.53333333,38,3,-87,32
Fort Wayne AP,41,-85.2,41,0,-85,12
Goshen AP,41.53333333,-85.8,41,32,-85,48
Hobart,41.53333333,-87.25,41,32,-87,15
Huntington,40.88333333,-85.5,40,53,-85,30
Indianapolis AP,39.73333333,-86.28333333,39,44,-86,17
Jeffersonville,38.28333333,-85.75,38,17,-85,45
Kokomo,40.41666667,-86.05,40,25,-86,3
Lafayette,40.03333333,-86.08333333,40,2,-86,5
La Porte,41.6,-86.71666667,41,36,-86,43
Marion,40.48333333,-85.68333333,40,29,-85,41
Muncie,40.18333333,-85.35,40,11,-85,21
"Peru, Grissom AFB",40.65,-86.15,40,39,-86,9
Richmond AP,39.76666667,-84.83333333,39,46,-84,50
Shelbyville,39.51666667,-85.78333333,39,31,-85,47
South Bend AP,41.7,-86.31666667,41,42,-86,19
Terre Haute AP,39.45,-87.3,39,27,-87,18
Valparaiso,41.51666667,-87.03333333,41,31,-87,2
Vincennes,38.68333333,-87.53333333,38,41,-87,32
Ames (S),42.03333333,-93.8,42,2,-93,48
Burlington AP,40.78333333,-91.11666667,40,47,-91,7
Cedar Rapids AP,41.88333333,-91.7,41,53,-91,42
Clinton,41.83333333,-90.21666667,41,50,-90,13
Council Bluffs,41.33333333,-95.81666667,41,20,-95,49
Des Moines AP,41.53333333,-93.65,41,32,-93,39
Dubuque,42.4,-90.7,42,24,-90,42
Fort Dodge,42.55,-94.18333333,42,33,-94,11
Iowa City,41.63333333,-91.55,41,38,-91,33
Keokuk,40.4,-91.4,40,24,-91,24
Marshalltown,42.06666667,-92.93333333,42,4,-92,56
Mason City AP,43.15,-93.33333333,43,9,-93,20
Newton,41.68333333,-93.03333333,41,41,-93,2
Ottumwa AP,41.1,-92.45,41,6,-92,27
Sioux City AP,42.4,-96.38333333,42,24,-96,23
Waterloo,42.55,-92.4,42,33,-92,24
Atchison,39.56666667,-95.11666667,39,34,-95,7
Chanute AP,37.66666667,-95.48333333,37,40,-95,29
Dodge City AP (S),37.76666667,-99.96666667,37,46,-99,58
El Dorado,37.81666667,-96.83333333,37,49,-96,50
Emporia,38.33333333,-96.2,38,20,-96,12
Garden City AP,37.93333333,-100.7333333,37,56,-100,44
Goodland AP,39.36666667,-101.7,39,22,-101,42
Great Bend,38.35,-98.86666667,38,21,-98,52
Hutchinson AP,38.06666667,-97.86666667,38,4,-97,52
Liberal,37.05,-100.9666667,37,3,-100,58
"Manhattan, Ft Riley (S)",39.05,-96.76666667,39,3,-96,46
Parsons,37.33333333,-95.51666667,37,20,-95,31
Russell AP,38.86666667,-98.81666667,38,52,-98,49
Salina,38.8,-97.65,38,48,-97,39
Topeka AP,39.06666667,-95.63333333,39,4,-95,38
Wichita AP,37.65,-97.41666667,37,39,-97,25
Ashland,38.55,-82.73333333,38,33,-82,44
Bowling Green AP,35.96666667,-86.46666667,35,58,-86,28
Corbin AP,36.95,-84.1,36,57,-84,6
Covington AP,39.05,-84.66666667,39,3,-84,40
"Hopkinsville, Ft Campbell",36.66666667,-87.48333333,36,40,-87,29
Lexington AP (S),38.03333333,-84.6,38,2,-84,36
Louisville AP,38.18333333,-85.73333333,38,11,-85,44
Madisonville,37.31666667,-87.48333333,37,19,-87,29
Owensboro,37.75,-87.16666667,37,45,-87,10
Paducah AP,37.06666667,-88.76666667,37,4,-88,46
Alexandria AP,31.4,-92.3,31,24,-92,18
Baton Rouge AP,30.53333333,-91.15,30,32,-91,9
Bogalusa,30.78333333,-89.86666667,30,47,-89,52
Houma,29.51666667,-90.66666667,29,31,-90,40
Lafayette AP,30.2,-92,30,12,-92,0
Lake Charles AP (S),30.11666667,-93.21666667,30,7,-93,13
Minden,32.6,-93.3,32,36,-93,18
Monroe AP,32.51666667,-92.03333333,32,31,-92,2
Natchitoches,31.76666667,-93.08333333,31,46,-93,5
New Orleans AP,29.98333333,-90.25,29,59,-90,15
Shreveport AP (S),32.46666667,-93.81666667,32,28,-93,49
Augusta AP,44.31666667,-69.8,44,19,-69,48
"Bangor, Dow AFB",44.8,-68.83333333,44,48,-68,50
Caribou AP (S),46.86666667,-68.01666667,46,52,-68,1
Lewiston,44.03333333,-70.25,44,2,-70,15
Millinocket AP,45.65,-68.7,45,39,-68,42
Portland (S),43.65,-70.31666667,43,39,-70,19
Waterville,44.53333333,-69.66666667,44,32,-69,40
Baltimore AP,39.18333333,-76.66666667,39,11,-76,40
Baltimore Co,39.33333333,-76.41666667,39,20,-76,25
Cumberland,39.61666667,-78.76666667,39,37,-78,46
Frederick AP,39.45,-77.41666667,39,27,-77,25
Hagerstown,39.7,-77.73333333,39,42,-77,44
Salisbury (S),38.33333333,-75.5,38,20,-75,30
Boston AP,42.36666667,-71.03333333,42,22,-71,2
Clinton,42.4,-71.68333333,42,24,-71,41
Fall River,41.71666667,-71.13333333,41,43,-71,8
Framingham,42.28333333,-71.41666667,42,17,-71,25
Gloucester,42.58333333,-70.68333333,42,35,-70,41
Greenfield,42.05,-72.06666667,42,3,-72,4
Lawrence,42.7,-71.16666667,42,42,-71,10
Lowell,42.65,-71.31666667,42,39,-71,19
New Bedford,41.68333333,-70.96666667,41,41,-70,58
Pittsfield AP,42.43333333,-73.3,42,26,-73,18
"Springfield, Westover AFB",42.2,-72.53333333,42,12,-72,32
Taunton,41.9,-71.06666667,41,54,-71,4
Worcester AP,42.26666667,-71.86666667,42,16,-71,52
Adrian,41.91666667,-84.01666667,41,55,-84,1
Alpena AP,45.06666667,-83.43333333,45,4,-83,26
Battle Creek AP,42.31666667,-85.25,42,19,-85,15
Benton Harbor AP,42.13333333,-86.43333333,42,8,-86,26
Detroit,42.41666667,-83.01666667,42,25,-83,1
Escanaba,45.73333333,-87.08333333,45,44,-87,5
Flint AP,42.96666667,-83.73333333,42,58,-83,44
Grand Rapids AP,42.88333333,-85.51666667,42,53,-85,31
Holland,42.7,-86.1,42,42,-86,6
Jackson AP,42.26666667,-84.46666667,42,16,-84,28
Kalamazoo,42.28333333,-85.6,42,17,-85,36
Lansing AP,42.78333333,-84.6,42,47,-84,36
Marquette Co,46.56666667,-87.4,46,34,-87,24
Mt Pleasant,43.58333333,-84.76666667,43,35,-84,46
Muskegon AP,43.16666667,-86.23333333,43,10,-86,14
Pontiac,42.66666667,-83.41666667,42,40,-83,25
Port Huron,42.98333333,-82.41666667,42,59,-82,25
Saginaw AP,43.53333333,-84.08333333,43,32,-84,5
Sault Ste. Marie AP (S),46.46666667,-84.36666667,46,28,-84,22
Traverse City AP,44.75,-85.58333333,44,45,-85,35
Ypsilanti,42.23333333,-83.53333333,42,14,-83,32
Albert Lea,43.65,-93.35,43,39,-93,21
Alexandria AP,45.86666667,-95.38333333,45,52,-95,23
Bemidji AP,47.51666667,-94.93333333,47,31,-94,56
Brainerd,46.4,-94.13333333,46,24,-94,8
Duluth AP,46.83333333,-92.18333333,46,50,-92,11
Fairbault,44.3,-93.26666667,44,18,-93,16
Fergus Falls,46.26666667,-96.06666667,46,16,-96,4
International Falls AP,48.56666667,-93.38333333,48,34,-93,23
Mankato,44.15,-93.98333333,44,9,-93,59
Minneapolis/St. Paul AP,44.88333333,-93.21666667,44,53,-93,13
Rochester AP,43.91666667,-92.5,43,55,-92,30
St. Cloud AP (S),45.58333333,-94.18333333,45,35,-94,11
Virginia,47.5,-92.55,47,30,-92,33
Willmar,45.11666667,-95.08333333,45,7,-95,5
Winona,44.05,-91.63333333,44,3,-91,38
Biloxi--Keesler AFB,30.41666667,-88.91666667,30,25,-88,55
Clarksdale,34.2,-90.56666667,34,12,-90,34
Columbus AFB,33.65,-88.45,33,39,-88,27
Greenville AFB,33.48333333,-90.98333333,33,29,-90,59
Greenwood,33.5,-90.08333333,33,30,-90,5
Hattiesburg,31.26666667,-89.25,31,16,-89,15
Jackson AP,32.31666667,-90.08333333,32,19,-90,5
Laurel,31.66666667,-89.16666667,31,40,-89,10
Mccomb AP,31.25,-90.46666667,31,15,-90,28
Meridian AP,32.33333333,-88.75,32,20,-88,45
Natchez,31.55,-91.38333333,31,33,-91,23
Tupelo,34.26666667,-88.76666667,34,16,-88,46
Vicksburg Co,32.4,-90.78333333,32,24,-90,47
Cape Girardeau,37.23333333,-89.58333333,37,14,-89,35
Columbia AP (S),38.96666667,-92.36666667,38,58,-92,22
Farmington AP,37.76666667,-90.4,37,46,-90,24
Hannibal,39.7,-91.35,39,42,-91,21
Jefferson City,38.56666667,-92.18333333,38,34,-92,11
Joplin AP,37.15,-94.5,37,9,-94,30
Kansas City AP,39.11666667,-94.58333333,39,7,-94,35
Kirksville AP,40.1,-92.55,40,6,-92,33
Mexico,39.18333333,-91.9,39,11,-91,54
Moberly,39.4,-92.43333333,39,24,-92,26
Poplar Bluff,36.76666667,-90.41666667,36,46,-90,25
Rolla,37.98333333,-91.71666667,37,59,-91,43
St. Joseph AP,39.76666667,-94.91666667,39,46,-94,55
St. Louis AP,38.75,-90.38333333,38,45,-90,23
St. Louis CO,38.65,-90.63333333,38,39,-90,38
Sikeston,36.88333333,-89.6,36,53,-89,36
Sedalia--Whiteman AFB,38.71666667,-93.55,38,43,-93,33
Sikeston,36.88333333,-89.6,36,53,-89,36
Springfield AP,37.23333333,-93.38333333,37,14,-93,23
Billings AP,45.8,-108.5333333,45,48,-108,32
Bozeman,45.78333333,-111.15,45,47,-111,9
Butte AP,45.95,-112.5,45,57,-112,30
Cut Bank AP,48.61666667,-112.3666667,48,37,-112,22
Glasgow AP (S),48.41666667,-106.5333333,48,25,-106,32
Glendive,47.13333333,-104.8,47,8,-104,48
Great Falls AP (S),47.48333333,-111.3666667,47,29,-111,22
Havre,48.56666667,-109.6666667,48,34,-109,40
Helena AP,46.6,-112,46,36,-112,0
Kalispell AP,48.3,-114.2666667,48,18,-114,16
Lewiston AP,47.06666667,-109.45,47,4,-109,27
Livingstown AP,45.7,-110.4333333,45,42,-110,26
Miles City AP,46.43333333,-105.8666667,46,26,-105,52
Missoula AP,46.91666667,-114.0833333,46,55,-114,5
Beatrice,40.26666667,-96.75,40,16,-96,45
Chadron AP,42.83333333,-103.0833333,42,50,-103,5
Columbus,41.46666667,-97.33333333,41,28,-97,20
Fremont,41.43333333,-96.48333333,41,26,-96,29
Grand Island AP,40.98333333,-98.31666667,40,59,-98,19
Hastings,40.6,-98.43333333,40,36,-98,26
Kearney,40.73333333,-99.01666667,40,44,-99,1
Lincoln Co (S),40.85,-96.75,40,51,-96,45
McCook,40.2,-100.6333333,40,12,-100,38
Norfolk,41.98333333,-97.43333333,41,59,-97,26
North Platte AP (S),41.13333333,-100.6833333,41,8,-100,41
Omaha AP,41.3,-95.9,41,18,-95,54
Scottsbluff AP,41.86666667,-103.6,41,52,-103,36
Sidney AP,41.21666667,-103.1,41,13,-103,6
Carson City,39.16666667,-119.7666667,39,10,-119,46
Elko AP,40.83333333,-115.7833333,40,50,-115,47
Ely AP (S),39.28333333,-114.85,39,17,-114,51
Las Vegas AP (S),36.08333333,-115.1666667,36,5,-115,10
Lovelock AP,40.06666667,-118.55,40,4,-118,33
Reno AP (S),39.5,-119.7833333,39,30,-119,47
Reno Co,39.5,-119.7833333,39,30,-119,47
Tonopah AP,38.06666667,-117.0833333,38,4,-117,5
Winnemucca AP,40.9,-117.8,40,54,-117,48
Berlin,44.05,-71.01666667,44,3,-71,1
Claremont,43.03333333,-72.03333333,43,2,-72,2
Concord AP,43.2,-71.5,43,12,-71,30
Keene,42.91666667,-72.28333333,42,55,-72,17
Laconia,43.05,-71.05,43,3,-71,3
"Manchester, Grenier AFB",42.93333333,-71.43333333,42,56,-71,26
"Portsmouth, Pease AFB",43.06666667,-70.81666667,43,4,-70,49
Atlantic City CO,39.38333333,-74.43333333,39,23,-74,26
Long Branch,40.31666667,-74.01666667,40,19,-74,1
Newark AP,40.7,-74.16666667,40,42,-74,10
New Brunswick,40.48333333,-74.43333333,40,29,-74,26
Paterson,40.9,-74.15,40,54,-74,9
Phillipsburg,40.68333333,-75.18333333,40,41,-75,11
Trenton Co,40.21666667,-74.76666667,40,13,-74,46
Vineland,39.48333333,-75,39,29,-75,0
Alamagordo°,32.9,-105.95,32,54,-105,57
Holloman AFB,32.85,-106.1,32,51,-106,6
Albuquerque AP (S),35.05,-106.6166667,35,3,-106,37
Artesia,32.76666667,-104.3833333,32,46,-104,23
Carlsbad AP,32.33333333,-104.2666667,32,20,-104,16
Clovis AP,34.38333333,-103.3166667,34,23,-103,19
Farmington AP,36.73333333,-108.2333333,36,44,-108,14
Gallup,35.51666667,-108.7833333,35,31,-108,47
Grants,35.16666667,-107.9,35,10,-107,54
Hobbs AP,32.75,-103.2166667,32,45,-103,13
Las Cruces,32.3,-106.9166667,32,18,-106,55
Los Alamos,35.86666667,-106.3166667,35,52,-106,19
Raton AP,36.75,-104.5,36,45,-104,30
"Roswell, Walker AFB",33.3,-104.5333333,33,18,-104,32
Santa Fe CO,35.61666667,-106.0833333,35,37,-106,5
Silver City AP,32.63333333,-108.1666667,32,38,-108,10
Socorro AP,34.05,-106.8833333,34,3,-106,53
Tucumcari AP,35.18333333,-103.6,35,11,-103,36
Albany AP (S),42.75,-73.8,42,45,-73,48
Albany Co,42.65,-73.75,42,39,-73,45
Auburn,42.9,-76.53333333,42,54,-76,32
Batavia,43,-78.18333333,43,0,-78,11
Binghamton AP,42.21666667,-75.98333333,42,13,-75,59
Buffalo AP,42.93333333,-78.73333333,42,56,-78,44
Cortland,42.6,-76.18333333,42,36,-76,11
Dunkirk,42.48333333,-79.26666667,42,29,-79,16
Elmira AP,42.16666667,-76.9,42,10,-76,54
Geneva (S),42.75,-76.9,42,45,-76,54
Glens Falls,43.33333333,-73.61666667,43,20,-73,37
Gloversville,43.03333333,-74.35,43,2,-74,21
Hornell,42.35,-77.7,42,21,-77,42
Ithaca (S),42.45,-76.48333333,42,27,-76,29
Jamestown,42.11666667,-79.23333333,42,7,-79,14
Kingston,41.93333333,-74,41,56,-74,0
Lockport,43.15,-79.25,43,9,-79,15
Massena AP,44.93333333,-74.85,44,56,-74,51
"Newburgh, Stewart AFB",41.5,-74.1,41,30,-74,6
NYC-Central Park (S),40.78333333,-73.96666667,40,47,-73,58
NYC-Kennedy AP,40.65,-73.78333333,40,39,-73,47
NYC-La Guardia AP,40.76666667,-73.9,40,46,-73,54
Niagara Falls AP,43.1,-79.95,43,6,-79,57
Olean,42.23333333,-78.36666667,42,14,-78,22
Oneonta,42.51666667,-75.06666667,42,31,-75,4
Oswego Co,43.46666667,-76.55,43,28,-76,33
Plattsburg AFB,44.65,-73.46666667,44,39,-73,28
Poughkeepsie,41.63333333,-73.91666667,41,38,-73,55
Rochester AP,43.11666667,-77.66666667,43,7,-77,40
"Rome, Griffiss AFB",43.23333333,-75.41666667,43,14,-75,25
Schenectady (S),42.85,-73.95,42,51,-73,57
Suffolk County AFB,40.85,-72.63333333,40,51,-72,38
Syracuse AP,43.11666667,-76.11666667,43,7,-76,7
Utica,43.15,-75.38333333,43,9,-75,23
Watertown,43.98333333,-76.01666667,43,59,-76,1
Asheville AP,35.43333333,-82.53333333,35,26,-82,32
Charlotte AP,35.21666667,-80.93333333,35,13,-80,56
Durham,35.86666667,-78.78333333,35,52,-78,47
Elizabeth City AP,36.26666667,-76.18333333,36,16,-76,11
"Fayetteville, Pope AFB",35.16666667,-79.01666667,35,10,-79,1
"Goldsboro,Seymour-Johnson",35.33333333,-77.96666667,35,20,-77,58
Greensboro AP (S),36.08333333,-79.95,36,5,-79,57
Greenville,35.61666667,-77.41666667,35,37,-77,25
Henderson,36.36666667,-78.41666667,36,22,-78,25
Hickory,35.75,-81.38333333,35,45,-81,23
Jacksonville,34.83333333,-77.61666667,34,50,-77,37
Lumberton,34.61666667,-79.06666667,34,37,-79,4
New Bern AP,35.08333333,-77.05,35,5,-77,3
Raleigh/Durham AP (S),35.86666667,-78.78333333,35,52,-78,47
Rocky Mount,35.96666667,-77.8,35,58,-77,48
Wilmington AP,34.26666667,-77.91666667,34,16,-77,55
Winston-Salem AP,36.13333333,-80.21666667,36,8,-80,13
Bismarck AP (S),46.76666667,-100.75,46,46,-100,45
Devils Lake,48.11666667,-98.9,48,7,-98,54
Dickinson AP,46.8,-102.8,46,48,-102,48
Fargo AP,46.9,-96.8,46,54,-96,48
Grand Forks AP,47.95,-97.4,47,57,-97,24
Jamestown AP,46.91666667,-98.68333333,46,55,-98,41
Minot AP,48.41666667,-101.35,48,25,-101,21
Williston,48.15,-103.5833333,48,9,-103,35
Akron-Canton AP,40.91666667,-81.43333333,40,55,-81,26
Ashtabula,41.85,-80.8,41,51,-80,48
Athens,39.33333333,-82.1,39,20,-82,6
Bowling Green,41.38333333,-83.63333333,41,23,-83,38
Cambridge,40.06666667,-81.58333333,40,4,-81,35
Chillicothe,39.35,-83,39,21,-83,0
Cincinnati Co,39.15,-84.51666667,39,9,-84,31
Cleveland AP (S),41.4,-81.85,41,24,-81,51
Columbus AP (S),40,-82.88333333,40,0,-82,53
Dayton AP,39.9,-84.21666667,39,54,-84,13
Defiance,41.28333333,-84.38333333,41,17,-84,23
Findlay AP,41.01666667,-83.66666667,41,1,-83,40
Fremont,41.33333333,-83.11666667,41,20,-83,7
Hamilton,39.4,-84.58333333,39,24,-84,35
Lancaster,39.73333333,-82.63333333,39,44,-82,38
Lima,40.7,-84.03333333,40,42,-84,2
Mansfield AP,40.81666667,-82.51666667,40,49,-82,31
Marion,40.6,-83.16666667,40,36,-83,10
Middletown,39.51666667,-84.41666667,39,31,-84,25
Newark,40.01666667,-82.46666667,40,1,-82,28
Norwalk,41.26666667,-82.61666667,41,16,-82,37
Portsmouth,38.75,-82.91666667,38,45,-82,55
Sandusky Co,41.45,-82.71666667,41,27,-82,43
Springfield,39.83333333,-83.83333333,39,50,-83,50
Steubenville,40.38333333,-80.63333333,40,23,-80,38
Toledo AP,41.6,-83.8,41,36,-83,48
Warren,41.33333333,-80.85,41,20,-80,51
Wooster,40.78333333,-81.91666667,40,47,-81,55
Youngstown AP,41.26666667,-80.66666667,41,16,-80,40
Zanesville AP,39.95,-81.9,39,57,-81,54
Ada,34.78333333,-96.68333333,34,47,-96,41
Altus AFB,34.65,-99.26666667,34,39,-99,16
Ardmore,34.3,-97.01666667,34,18,-97,1
Bartlesville,36.75,-96,36,45,-96,0
Chickasha,35.05,-97.91666667,35,3,-97,55
"Enid, Vance AFB",36.35,-97.91666667,36,21,-97,55
Lawton AP,34.56666667,-98.41666667,34,34,-98,25
McAlester,34.83333333,-95.91666667,34,50,-95,55
Muskogee AP,35.66666667,-95.36666667,35,40,-95,22
Norman,35.25,-97.48333333,35,15,-97,29
Oklahoma City AP (S),35.4,-97.6,35,24,-97,36
Ponca City,36.73333333,-97.1,36,44,-97,6
Seminole,35.23333333,-96.66666667,35,14,-96,40
Stillwater (S),36.16666667,-97.08333333,36,10,-97,5
Tulsa AP,36.2,-95.9,36,12,-95,54
Woodward,36.6,-99.51666667,36,36,-99,31
Albany,44.63333333,-123.1166667,44,38,-123,7
Astoria AP (S),46.15,-123.8833333,46,9,-123,53
Baker AP,44.83333333,-117.8166667,44,50,-117,49
Bend,44.06666667,-121.3166667,44,4,-121,19
Corvallis (S),44.5,-123.2833333,44,30,-123,17
Eugene AP,44.11666667,-123.2166667,44,7,-123,13
Grants Pass,42.43333333,-123.3166667,42,26,-123,19
Klamath Falls AP,42.15,-121.7333333,42,9,-121,44
Medford AP (S),42.36666667,-122.8666667,42,22,-122,52
Pendleton AP,45.68333333,-118.85,45,41,-118,51
Portland AP,45.6,-122.6,45,36,-122,36
Portland Co,45.53333333,-122.6666667,45,32,-122,40
Roseburg AP,43.23333333,-123.3666667,43,14,-123,22
Salem AP,44.91666667,-123.0166667,44,55,-123,1
The Dalles,45.6,-121.2,45,36,-121,12
Allentown AP,40.65,-75.43333333,40,39,-75,26
Altoona Co,40.3,-78.31666667,40,18,-78,19
Butler,40.86666667,-79.9,40,52,-79,54
Chambersburg,39.93333333,-77.63333333,39,56,-77,38
Erie AP,42.08333333,-80.18333333,42,5,-80,11
Harrisburg AP,40.2,-76.76666667,40,12,-76,46
Johnstown,40.31666667,-78.83333333,40,19,-78,50
Lancaster,40.11666667,-76.3,40,7,-76,18
Meadville,41.63333333,-80.16666667,41,38,-80,10
New Castle,41.01666667,-80.36666667,41,1,-80,22
Philadelphia AP,39.88333333,-75.25,39,53,-75,15
Pittsburgh AP,40.5,-80.21666667,40,30,-80,13
Pittsburgh Co,40.45,-80,40,27,-80,0
Reading Co,40.33333333,-75.63333333,40,20,-75,38
Scranton/Wilkes-Barre,41.33333333,-75.73333333,41,20,-75,44
State College (S),40.8,-77.86666667,40,48,-77,52
Sunbury,40.88333333,-76.76666667,40,53,-76,46
Uniontown,39.91666667,-79.71666667,39,55,-79,43
Warren,41.85,-79.13333333,41,51,-79,8
West Chester,39.96666667,-75.63333333,39,58,-75,38
Williamsport AP,41.25,-76.91666667,41,15,-76,55
York,39.91666667,-76.75,39,55,-76,45
Newport (S),41.5,-71.33333333,41,30,-71,20
Providence AP,41.73333333,-71.43333333,41,44,-71,26
Anderson,34.5,-82.71666667,34,30,-82,43
Charleston AFB (S),32.9,-80.03333333,32,54,-80,2
Charleston Co,32.9,-79.96666667,32,54,-79,58
Columbia AP,33.95,-81.11666667,33,57,-81,7
Florence AP,34.18333333,-79.71666667,34,11,-79,43
Georgetown,33.38333333,-79.28333333,33,23,-79,17
Greenville AP,34.9,-82.21666667,34,54,-82,13
Greenwood,34.16666667,-82.11666667,34,10,-82,7
Orangeburg,33.5,-80.86666667,33,30,-80,52
Rock Hill,34.98333333,-80.96666667,34,59,-80,58
Spartanburg AP,34.96666667,-82,34,58,-82,0
"Sumter, Shaw AFB",33.9,-80.36666667,33,54,-80,22
Aberdeen AP,45.45,-98.43333333,45,27,-98,26
Brookings,44.3,-96.8,44,18,-96,48
Huron AP,44.38333333,-98.21666667,44,23,-98,13
Mitchell,43.68333333,-98.01666667,43,41,-98,1
Pierre AP,44.38333333,-100.2833333,44,23,-100,17
Rapid City AP (S),44.05,-103.0666667,44,3,-103,4
Sioux Falls AP,43.56666667,-96.73333333,43,34,-96,44
Watertown AP,44.91666667,-97.15,44,55,-97,9
Yankton,42.91666667,-97.38333333,42,55,-97,23
Athens,35.43333333,-84.58333333,35,26,-84,35
Bristol-Tri City AP,36.48333333,-82.4,36,29,-82,24
Chattanooga AP,35.03333333,-85.2,35,2,-85,12
Clarksville,36.55,-87.36666667,36,33,-87,22
Columbia,35.63333333,-87.03333333,35,38,-87,2
Dyersburg,36.01666667,-89.4,36,1,-89,24
Greenville,36.06666667,-82.83333333,36,4,-82,50
Jackson AP,35.6,-88.91666667,35,36,-88,55
Knoxville AP,35.81666667,-83.98333333,35,49,-83,59
Memphis AP,35.05,-90,35,3,-90,0
Murfreesboro,34.91666667,-86.46666667,34,55,-86,28
Nashville AP (S),36.11666667,-86.68333333,36,7,-86,41
Tullahoma,35.38333333,-86.08333333,35,23,-86,5
Abilene AP,32.41666667,-99.68333333,32,25,-99,41
Alice AP,27.73333333,-98.03333333,27,44,-98,2
Amarillo AP,35.23333333,-100.7,35,14,-100,42
Austin AP,30.3,-97.7,30,18,-97,42
Bay City,29,-95.96666667,29,0,-95,58
Beaumont,29.95,-94.01666667,29,57,-94,1
Beeville,28.36666667,-97.66666667,28,22,-97,40
Big Spring AP (S),32.3,-101.45,32,18,-101,27
Brownsville AP (S),25.9,-97.43333333,25,54,-97,26
Brownwood,31.8,-98.95,31,48,-98,57
Bryan AP,30.66666667,-96.55,30,40,-96,33
Corpus Christi AP,27.76666667,-97.5,27,46,-97,30
Corsicana,32.08333333,-96.46666667,32,5,-96,28
Dallas AP,32.85,-96.85,32,51,-96,51
"Del Rio, Laughlin AFB",29.36666667,-100.7833333,29,22,-100,47
Denton,33.2,-97.1,33,12,-97,6
Eagle Pass,28.86666667,-100.5333333,28,52,-100,32
El Paso AP (S),31.8,-106.4,31,48,-106,24
Fort Worth AP (S),32.83333333,-97.05,32,50,-97,3
Galveston AP,29.3,-94.8,29,18,-94,48
Greenville,33.06666667,-96.05,33,4,-96,3
Harlingen,26.23333333,-97.65,26,14,-97,39
Houston AP,29.96666667,-95.35,29,58,-95,21
Houston Co,29.98333333,-95.36666667,29,59,-95,22
Huntsville,30.71666667,-95.55,30,43,-95,33
"Killeen, Robert Gray AAF",31.08333333,-97.68333333,31,5,-97,41
Lamesa,32.7,-101.9333333,32,42,-101,56
Laredo AFB,27.53333333,-99.45,27,32,-99,27
Longview,32.46666667,-94.73333333,32,28,-94,44
Lubbock AP,33.65,-101.8166667,33,39,-101,49
Lufkin AP,31.41666667,-94.8,31,25,-94,48
Mcallen,26.2,-98.21666667,26,12,-98,13
Midland AP (S),31.95,-102.1833333,31,57,-102,11
Mineral Wells AP,32.78333333,-98.06666667,32,47,-98,4
Palestine Co,31.78333333,-95.63333333,31,47,-95,38
Pampa,35.53333333,-100.9833333,35,32,-100,59
Pecos,31.41666667,-103.5,31,25,-103,30
Plainview,34.18333333,-101.7,34,11,-101,42
Port Arthur AP,29.95,-94.01666667,29,57,-94,1
San Angelo,31.45,-100.45,31,27,-100,27
Goodfellow AFB,31.43333333,-100.4,31,26,-100,24
San Antonio AP (S),29.53333333,-98.46666667,29,32,-98,28
"Sherman, Perrin AFB",33.71666667,-96.66666667,33,43,-96,40
Snyder,32.71666667,-100.9166667,32,43,-100,55
Temple,31.1,-97.35,31,6,-97,21
Tyler AP,32.35,-95.26666667,32,21,-95,16
Vernon,34.16666667,-99.3,34,10,-99,18
Victoria AP,28.85,-96.91666667,28,51,-96,55
Waco AP,31.61666667,-97.21666667,31,37,-97,13
Wichita Falls AP,33.96666667,-98.48333333,33,58,-98,29
Cedar City AP,37.7,-113.1,37,42,-113,6
Logan,41.75,-111.8166667,41,45,-111,49
Moab,38.6,-109.6,38,36,-109,36
Ogden AP,41.2,-112.0166667,41,12,-112,1
Price,39.61666667,-110.8333333,39,37,-110,50
Provo,40.21666667,-111.7166667,40,13,-111,43
Richfield,38.76666667,-112.0833333,38,46,-112,5
St George Co,37.03333333,-113.5166667,37,2,-113,31
Salt Lake City AP (S),40.76666667,-111.9666667,40,46,-111,58
Vernal AP,40.45,-109.5166667,40,27,-109,31
Barre,44.2,-72.51666667,44,12,-72,31
Burlington AP (S),44.46666667,-73.15,44,28,-73,9
Rutland,43.6,-72.96666667,43,36,-72,58
Charlottesville,38.03333333,-78.51666667,38,2,-78,31
Danville AP,36.56666667,-79.33333333,36,34,-79,20
Fredericksburg,38.3,-77.46666667,38,18,-77,28
Harrisonburg,38.45,-78.9,38,27,-78,54
Lynchburg AP,37.33333333,-79.2,37,20,-79,12
Norfolk AP,36.9,-76.2,36,54,-76,12
Petersburg,37.18333333,-77.51666667,37,11,-77,31
Richmond AP,37.5,-77.33333333,37,30,-77,20
Roanoke AP,37.31666667,-79.96666667,37,19,-79,58
Staunton,38.26666667,-78.9,38,16,-78,54
Winchester,39.2,-78.16666667,39,12,-78,10
Aberdeen,46.98333333,-123.8166667,46,59,-123,49
Bellingham AP,48.8,-122.5333333,48,48,-122,32
Bremerton,47.56666667,-122.6666667,47,34,-122,40
Ellensburg AP,47.03333333,-120.5166667,47,2,-120,31
"Everett, Paine AFB",47.91666667,-122.2833333,47,55,-122,17
Kennewick,46.21666667,-119.1333333,46,13,-119,8
Longview,46.16666667,-122.9333333,46,10,-122,56
"Moses Lake, Larson AFB",47.2,-119.3166667,47,12,-119,19
Olympia AP,46.96666667,-122.9,46,58,-122,54
Port Angeles,48.11666667,-123.4333333,48,7,-123,26
Seattle-Boeing Field,47.53333333,-122.3,47,32,-122,18
Seattle Co (S),47.65,-122.3,47,39,-122,18
Seattle-Tacoma AP (S),47.45,-122.3,47,27,-122,18
Spokane AP (S),47.63333333,-117.5166667,47,38,-117,31
"Tacoma, McChord AFB",47.25,-122.5,47,15,-122,30
Walla Walla AP,46.1,-118.2833333,46,6,-118,17
Wenatchee,47.41666667,-120.3166667,47,25,-120,19
Yakima AP,46.56666667,-120.5333333,46,34,-120,32
Beckley,37.78333333,-81.11666667,37,47,-81,7
Bluefield AP,37.3,-81.21666667,37,18,-81,13
Charleston AP,38.36666667,-81.6,38,22,-81,36
Clarksburg,39.26666667,-80.35,39,16,-80,21
Elkins AP,38.88333333,-79.85,38,53,-79,51
Huntington Co,38.41666667,-82.5,38,25,-82,30
Martinsburg AP,39.4,-77.98333333,39,24,-77,59
Morgantown AP,39.65,-79.91666667,39,39,-79,55
Parkersburg Co,39.26666667,-81.56666667,39,16,-81,34
Wheeling,40.11666667,-80.7,40,7,-80,42
Appleton,44.25,-88.38333333,44,15,-88,23
Ashland,46.56666667,-90.96666667,46,34,-90,58
Beloit,42.5,-89.03333333,42,30,-89,2
Eau Claire AP,44.86666667,-91.48333333,44,52,-91,29
Fond Du Lac,43.8,-88.45,43,48,-88,27
Green Bay AP,44.48333333,-88.13333333,44,29,-88,8
La Crosse AP,43.86666667,-91.25,43,52,-91,15
Madison AP (S),43.13333333,-89.33333333,43,8,-89,20
Manitowoc,44.1,-87.68333333,44,6,-87,41
Marinette,45.1,-87.63333333,45,6,-87,38
Milwaukee AP,42.95,-87.9,42,57,-87,54
Racine,42.71666667,-87.85,42,43,-87,51
Sheboygan,43.75,-87.71666667,43,45,-87,43
Stevens Point,44.5,-89.56666667,44,30,-89,34
Waukesha,43.01666667,-88.23333333,43,1,-88,14
Wausau AP,44.91666667,-89.61666667,44,55,-89,37
Casper AP,42.91666667,-106.4666667,42,55,-106,28
Cheyenne,41.15,-104.8166667,41,9,-104,49
Cody AP,44.55,-109.0666667,44,33,-109,4
Evanston,41.26666667,-110.95,41,16,-110,57
Lander AP (S),42.81666667,-108.7333333,42,49,-108,44
Laramie AP (S),41.31666667,-105.6833333,41,19,-105,41
Newcastle,43.85,-104.2166667,43,51,-104,13
Rawlins,41.8,-107.2,41,48,-107,12
Rock Springs AP,41.6,-109,41,36,-109,0
Sheridan AP,44.76666667,-106.9666667,44,46,-106,58
Torrington,42.08333333,-104.2166667,42,5,-104,13
